"","voix_expr_2012_PS","voix_expr_2017_PS","voix_expr_2022_PS","voix_expr_2012_LR","voix_expr_2017_LR","voix_expr_2022_LR"
"1",24.2077464788732,5.72044999229465,2.0752012686021,29.1033481591302,20.7427955000771,5.70108563064162
"2",22.2990444846993,4.84910910161057,1.55504392452442,30.866877774244,21.0203863235058,5.09215789676772
"3",22.9413892908828,5.63659784841416,1.56544668635992,31.6063675832127,24.1757476586708,4.86656986932359
"4",21.5957736194826,4.6641293203938,1.67537108301264,32.4509284579152,22.1184500653062,5.50989554700385
"5",22.8673326234302,4.89531163049527,1.60837688988669,27.7487618951034,19.1186700055648,5.17241379310345
"6",28.809002705637,4.58393227918863,1.18174020775755,23.4821720923019,15.5477470762569,3.84637377299152
"7",28.1484264271443,4.26083866382374,1.12243706960277,25.2147333549632,17.455579246624,4.80099599268568
"8",27.8220081591575,4.03205753524225,1.24051948051948,24.1216325503657,16.5471203687764,3.86909090909091
"9",27.6680686074785,4.24588193468655,1.11659309270319,22.7442991391207,15.2194890721021,3.62243573097897
"10",23.4836918806384,4.10373903149889,0.979149291075897,25.3404271724882,16.7438163370272,4.36864053377815
"11",30.4397074076096,5.72534578246876,1.84049079754601,23.2013210328075,18.7360454664076,5.55297223513882
"12",31.0115099351205,5.7046553039939,1.83132935340116,22.0894959141907,17.3158865428644,5.32245858908602
"13",27.3766404816784,5.08664796170985,1.61142035671899,27.0583439170861,20.8664796170985,5.77035588318874
"14",24.9742896896614,5.01182033096927,1.5169592636782,24.447984513319,17.1569534381745,3.80731208454065
"15",23.7631111197922,4.98345375864027,1.37495728385631,26.4546750786179,19.7693316884999,4.11482099423081
"16",25.2339726027397,5.9411584162757,1.80310696057236,24.6246575342466,18.0975139211646,5.43606659683063
"17",23.656201399689,5.80688887275192,1.57126281183523,27.7507776049767,20.3083775082904,5.00870237865016
"18",22.2874041691445,4.5135523545336,1.12453664100371,35.0487793117858,26.8540489956886,5.51753635585971
"19",19.4038493774859,3.79795872755718,0.987210784087943,32.9041008213834,23.1408775981524,5.00974928223788
"20",22.3042182011394,4.1309628481588,1.09462494859059,32.6844171561827,24.6382427015186,4.72175646176722
"21",16.7685244306607,3.02897011982406,0.819939360349493,35.6502173979142,25.1190656757167,4.60665732077071
"22",20.0845166151982,3.4557203700984,0.877965839709406,34.7360333338259,24.8274342781613,5.92008656001237
"23",17.1553096974269,3.01826846703733,0.869624179959655,40.1022546307937,28.9474963933151,5.59576884609517
"24",18.551251691475,3.95497868411763,1.23642859136454,41.0901556156969,31.0302223911804,6.34123196293505
"25",17.761186856145,2.84627849888491,0.720899359760709,43.3311437589118,33.1172685994834,6.71663109781714
"26",18.385849444673,3.45127050498553,0.944711166176243,39.6791443850267,29.0800900611129,5.88164438249617
"27",27.1927864666454,6.22687231882634,2.25835441352683,21.6278327481647,15.057143792776,4.05405405405405
"28",24.9089295412698,5.84625943719973,2.10748719594549,25.9116980832152,18.9636238846946,5.42517484387746
"29",26.0728499049019,5.99526220145379,2.02234888738608,23.2934294436364,17.5623052959502,4.9270601874215
"30",26.902850816496,4.68678069336733,1.24809506356218,26.0379186271796,18.6479691207196,4.50818881537067
"31",32.6202559799422,5.56686015379013,1.45440718648257,21.5197039852801,14.1067106475036,3.50055847334775
"32",27.5352933557829,4.55566249598973,1.20445799390274,25.5342572205673,18.6878408726339,4.36303663351492
"33",36.1810551558753,8.43174829537858,3.71976421166746,17.3603973963686,11.6872409643924,2.75086387966664
"34",32.6382133592737,7.31395060708681,3.29137411179286,20.0044584954604,13.7255306847278,3.17540641406794
"35",20.5385397288123,3.5267813745504,1.03512248598052,31.2709767745153,23.79313696899,6.25289876459923
"36",22.1649313063438,4.07936941240702,1.15573428980309,31.820298725924,23.5480788916945,5.99786243501259
"37",25.9044108809743,4.58634679837714,1.25656453979121,27.5629982773126,21.7204680425707,5.62583717815151
"38",31.7295613943264,6.585404674112,2.94459046577097,20.5040301475976,14.1947635090325,3.32350468973062
"39",27.8050595238095,5.58879000412566,2.3204858609179,23.1339285714286,15.8823009371132,3.30720703498375
"40",31.418788845498,6.82991321959521,3.42728005527407,21.4303393652714,15.1900870617027,3.75690925840626
"41",27.6154912711918,5.94665430776853,2.38813803962735,29.4163988151509,24.1318140411999,6.68875475659362
"42",33.9677540820867,6.55555555555556,2.8082410063176,21.7899565262041,17.9390681003584,5.17968618187953
"43",26.9479596783631,6.02341194697883,2.67887119860048,24.992059379127,19.8898261318643,5.56095492216077
"44",23.26590582929,3.98317581607346,1.00941767104022,29.1994122872958,21.2949929619948,3.32377917430703
"45",21.5043021494634,4.81055425951251,1.22546544120123,39.4943765911508,32.4125170943609,5.35972797360536
"46",28.3424832251982,4.17075935020778,0.880887772872707,23.8100519418104,15.9614658103513,2.32068364991292
"47",39.1151343967773,8.67543022202639,1.24602980698754,16.5674993633228,10.8393919365499,1.59052040068409
"48",26.9710550887021,6.96396430896488,1.4324436618325,28.4295051353875,20.2121548653927,2.97172704429891
"49",24.0787232921926,4.46247106021243,1.15639596203104,31.0784950578486,23.0228160401534,3.39950278740395
"50",38.553046856033,5.12820512820513,0.691587823940765,13.401310997815,7.68510515701527,0.94097079391197
"51",22.5402097199716,4.07318444319518,1.20323146061493,28.8291304522505,19.7194255634487,4.27522766509838
"52",20.7911634204212,3.76392334899435,1.03276842365479,30.2939717690586,22.1150292984216,3.99373746806933
"53",21.2605349945035,3.92255616200895,1.19240341169933,28.0029314767314,19.3199653306472,3.69318868243651
"54",23.3806209850107,4.41542466458792,1.27056404230317,31.7050321199143,24.3627885688131,4.67538190364277
"55",21.8380203751525,3.3834851022505,1.05582896446982,26.6622208348705,16.5894920550027,3.06526278896564
"56",23.6131280859715,3.76187302116314,1.08279687917173,19.4570073164322,11.7244348164195,2.36138716663206
"57",25.6840646897397,5.43320551352472,1.48261758691207,30.7302906775371,24.5103119494248,4.95102787643957
"58",20.0904537639232,3.80912764440219,1.2000048000192,30.3643068949191,22.3544093178037,4.63801855207421
"59",23.9910823322257,4.52008928571429,1.25348397001177,23.9513220300474,16.128663003663,3.10017438480915
"60",33.4572360958414,9.39351843710985,2.27852683015112,25.8241278816118,20.1920202570821,4.76517962175369
"61",36.570068805224,8.97008715950377,2.09741825801605,19.9682721218941,14.314489561567,3.28154034713162
"62",27.099703160468,5.52523545037431,1.52577952997798,27.1393875898852,19.7279240119134,4.62683255679006
"63",24.9833016169076,5.21179504984872,1.38996531439389,33.8403760601898,25.9622538564555,5.78474595652229
"64",27.5202107239432,6.45068216479123,1.72091442168777,29.1538817199781,22.01613014028,5.3100478739979
"65",29.1841100276907,6.38191615192535,1.82788875400066,25.4137193401488,18.4492048889473,4.24484052532833
"66",33.5834612396491,5.81028626880155,2.3781854403586,26.7977943266443,21.5591136988517,7.12002988295841
"67",27.6773387679968,4.59835637261888,1.66357668988325,30.699274647733,25.948886038668,8.90915468256752
"68",35.5811072162456,7.72250689791092,2.29187294064179,22.1125951891696,16.1056365786362,3.90202730120599
"69",29.82469041386,5.56164425852461,1.85546250719172,25.6963849751449,19.2056558047636,4.76251358435083
"70",33.0269257847266,5.74535696631594,2.08804847776885,21.4981203756592,15.6584986935951,4.32065415784478
"71",32.9477938102537,7.4812152891212,1.88218217007379,28.4353345072653,22.1571633201819,5.14817950889077
"72",30.5547435978903,6.19178350818708,1.79052172298552,25.5487068691618,17.797087949799,4.28077422948385
"73",29.6058282208589,6.01683763258447,1.95710881652105,25.2453987730061,18.386631363658,4.44797458300238
"74",25.591300150487,4.62367584368183,1.65191407791622,28.9304068826486,21.0824220476482,5.11924226193832
"75",23.9140861711959,4.53835186769318,1.48264949684088,31.6374398989249,22.9483889364129,5.40827611883096
"76",26.1507239456316,5.48946016360887,1.67976636155158,27.5525691969234,22.0999508080238,5.99580548423137
"77",27.3043954039759,5.17940537735668,1.54390148633925,22.6682473098669,16.4703169142659,4.25343831589335
"78",26.8577214298292,5.24435118450263,1.60503359563667,24.5729882021483,18.652495210291,4.95966880780667
"79",44.7172303781062,6.51107820629508,2.71110367706504,19.8237830562548,16.2566394522707,8.9766106325444
"80",41.116369820574,6.20833333333333,2.3427135962065,23.4651233306527,18.6944444444444,8.23901323774309
"81",29.8102497277807,3.91829807157698,1.08922661697137,31.9540886453294,23.7438913762327,4.8292259743598
"82",28.7700813492433,3.11926605504587,0.755206953203667,28.2711889647983,27.3937201188784,6.01250728708464
"83",31.6003220323821,4.02142037485656,1.28248839466023,24.111280078719,25.1051893408135,7.08122426499515
"84",25.4711105575031,3.91790603645993,1.16388489921252,27.6545011299536,25.7583997351808,7.06998167500371
"85",24.07680066628,7.0334502243945,1.9867792203036,30.4614881244516,25.4701382706179,5.92188386955009
"86",34.4083239135468,6.34145439073571,1.85770460475543,22.3705176569927,19.9974101411473,4.90242916467605
"87",31.4149495559413,6.63322792861556,1.99479147827974,27.0838050670491,16.6285028895431,4.04926393460412
"88",31.4122681883024,5.0200360280872,1.60673732021196,25.696623870661,20.9551119444138,5.16464799394398
"89",34.851529359232,4.69955857181466,1.6438439720638,18.8539108431942,22.892705924747,5.29750831071396
"90",33.275464311514,9.32066900681396,2.44817572812743,24.4890825623937,16.7003923188107,4.22500790661568
"91",34.0154340836013,7.65021233394,2.00049182343539,22.2250803858521,21.5676806695638,5.0719291774253
"92",33.3160781014931,7.07172692318331,2.18548491799022,21.8370351197891,19.2207684434732,5.56541307828796
"93",28.3650590625235,9.25258612655711,2.34623710683815,23.8582499435708,14.1545773663446,3.97937094104164
"94",32.9957439416312,9.70885225813293,2.35136042996305,23.6098323634153,19.2692439113478,4.57435577522914
"95",33.7243241021144,7.8205292451353,2.45482288176161,22.4755744960741,17.9883560376365,6.56863331737673
"96",29.3731404534729,6.72318379842223,2.26409360279593,26.0268116685476,15.8281610065432,4.29688159516453
"97",28.3119640932417,5.59230399826499,1.78335226653802,28.0384807194221,17.5747060554893,4.1238075971429
"98",26.1939327664549,6.08800147901645,2.23566890987578,27.3723109410057,17.846182288778,4.99726667797696
"99",28.4809891578791,6.91486348702844,2.41227130554008,22.1056735481955,17.1377591480684,4.90452318722596
"100",19.6990574014343,7.22691689564,1.89696694705246,37.5176150064197,18.6064596402094,4.62113015252522
"101",28.3824186398158,6.92579390269707,2.10644479661912,27.7655589539159,21.0833862330517,5.17861859482303
"102",24.5288599678864,4.87751224877512,1.67107528236134,26.052846559058,20.6859314068593,5.60943863626821
"103",23.8324247977682,5.52191667840116,1.49869816472979,25.0137155797313,15.9159944479089,3.71075972142842
"104",24.332315909958,4.13910587946408,1.60854158895934,26.1704910884613,27.5526020964103,7.6106552281487
"105",23.3710942733376,6.88150268835975,1.88956539995801,29.9358411361031,20.1208016199986,4.88487647840997
"106",24.8519573637208,4.92580523349324,1.61127895266868,28.0576806120163,17.9382106543964,4.22960725075529
"107",23.9551217458002,6.595336395883,1.84978090195362,28.4038441292807,18.0926905855673,4.60904692349827
"108",27.0553885291397,5.74549485609225,1.94037796113921,24.9118293246994,18.2422841383786,4.45701357466063
"109",23.9944461318176,4.80766370154404,1.07633186101765,27.6941322804125,20.102341356023,4.27821982683016
"110",26.4466617712698,5.11403564811857,1.32380645270786,30.2218766647949,19.1720436976937,4.382138796015
"111",26.6928361138371,4.52077693457004,1.19055068836045,28.1077705415291,20.0476338407373,4.61201501877347
"112",26.3810198300283,5.61338873895101,1.51031853181609,28.617209631728,16.157591854803,3.55177069269914
"113",23.0756605941244,5.16223975992267,1.20326535566885,30.4265368273246,18.8296230035636,4.46862102452051
"114",34.198539010638,5.93542529648754,1.67879042924131,24.6410021387107,22.5784486182829,6.0358302272454
"115",37.4391582949573,5.5926724137931,1.02013728241496,22.6175453547256,19.9748563218391,5.30926466684364
"116",32.4650890542688,5.1195841814481,1.58398845170981,25.8717284053851,21.6432829310846,5.7448842244894
"117",35.6433343014813,4.10951234533341,1.23070083259235,24.5251234388615,23.0072970904951,6.55161264247029
"118",32.8754662057673,10.7634508857566,2.56884591128863,26.8482540837676,18.5364449075851,5.00875902179245
"119",32.4029061381484,13.4345344691961,2.77025951281643,23.6684651957904,16.2396023364408,4.58171911762104
"120",32.4312812789972,11.3758213961673,2.31845100592213,24.0146640502594,18.1243298232108,4.75030450669915
"121",32.7166857856448,10.9263516135773,2.66339718083958,22.9848839066607,18.9196047407231,5.06153419080226
"122",24.0421782628467,10.8573697423024,2.40705402382049,30.4911323328786,19.3926430657308,5.22208330591564
"123",20.7040557505572,10.5133934729234,2.14866102082856,33.0378417155594,17.4418604651163,4.78227283131151
"124",23.6360969886586,9.81673774646146,2.12988717692284,30.5656042236997,17.752951356697,5.2333031221677
"125",28.1087600043855,9.86931114885287,2.32423094232249,31.4965464313124,16.7088862661562,4.41618396411306
"126",25.4239087572421,4.71660478104766,1.46043463043686,26.1261261261261,18.180562801117,3.83881128893697
"127",22.1073139291312,4.06662644008812,1.36264711182578,26.6409831983242,18.0121521687271,3.52652518055421
"128",23.0017094017094,4.82751226311416,1.53382634894549,27.168547008547,18.8088026375747,4.25362914270063
"129",24.1267904435724,4.59704565054107,1.50350488709609,22.4212759466992,15.154254875233,3.67131634250575
"130",26.0302385953011,5.4878210044696,2.01320576741679,20.6125989798714,14.3966041628098,3.13569599784396
"131",23.8179058200375,5.54455445544555,1.64993180062776,26.9297848976164,19.1016662641874,4.05416509178156
"132",34.2895318531226,9.67168499378608,2.67938028774548,22.4077067731187,16.3779948715529,3.62829548420778
"133",33.0302514182399,8.49364653470359,2.55660342284957,23.6259777012067,17.1847314332,3.62484973913475
"134",29.7408254201365,8.42988792817287,2.41850192858032,30.5001585420804,25.0873338286202,5.81684708224462
"135",35.369397340976,10.9523530674787,2.6688626081435,22.1976753443197,16.7671917393765,3.53599492023176
"136",29.8148949847167,6.54698658232227,2.24150826912346,23.3158854474136,15.4883985272678,3.44062021394057
"137",33.9767492871244,7.96272858202767,2.89584509182477,21.4474550051373,14.871470344346,3.64911214344636
"138",30.7401773744457,7.544574820028,2.55679751715443,21.8508301536558,14.2565081095816,3.0320296777635
"139",32.9042127899089,7.53237798297158,3.30497881032958,20.5126354832657,14.5805852020626,3.1952193664441
"140",36.3161386631282,9.7027527749086,2.7130264446621,20.2006966329408,14.1327693341859,3.18478615736206
"141",33.2208797531252,8.29828574239406,2.89634506028645,23.1013651341597,17.3872943259795,4.17050093202142
"142",33.634963107111,8.47998404706117,3.46039237301273,22.7114246330982,16.7971151768948,4.24754982172692
"143",30.0079659666785,7.56161761186887,3.17438551986562,25.6402433857053,19.1501726318668,4.55932261492578
"144",30.7264283210655,8.00076094193741,2.06984613420162,32.3285430540951,24.8257307080836,6.16101640809551
"145",33.6380481778876,11.2005378789377,2.43510642181739,27.4861025324274,20.9990310269137,4.87021284363477
"146",37.681700855862,10.7118322483562,2.65951031238693,18.8221709006928,12.0203474107756,3.18116029429502
"147",37.458891237961,8.30504573960071,2.53716578657713,18.8410265445149,12.1972268569127,3.03456731640032
"148",29.9360787016135,6.15235156294645,1.8259947063299,23.9348430482618,15.0088576490085,3.55876080969577
"149",34.3040876098306,8.39888014931342,2.66140433553252,24.5167451929199,16.3069166535371,4.26720075400566
"150",36.649679820297,9.31272607694837,2.69877551020408,22.4662218795051,15.5540940480105,4.46367346938776
"151",24.9331004937372,5.12784848274103,1.68505101929813,33.7324271015239,24.6018499200223,5.73504775580358
"152",31.952398245663,7.21085920272536,2.32210570521609,22.8301254295053,14.9208403206,3.72895591704648
"153",28.2302234393477,6.07444262501574,1.95302149414717,26.0207257110848,17.8060838896586,4.1289337094939
"154",28.9523356776331,5.6440663877421,1.81078440557288,21.8299520420576,13.2581530021335,3.22541789906182
"155",29.5907467879269,6.86389304717722,2.02126131302974,23.8990447706534,16.4727504483541,3.97500359143801
"156",27.7468418875489,5.76990609970227,1.95165191784732,26.3929105546186,19.088480036644,3.81616310341201
"157",37.3010980983038,9.49507048742283,2.22236761755212,20.8159258498276,15.8919192849903,3.29320422228038
"158",27.668875820654,6.61921810937229,2.25161522890497,27.743551448396,20.8032569151701,4.46579596816682
"159",25.936054836968,5.72905780760134,1.90973709000599,23.7352989506796,16.4248391177603,3.68673460649139
"160",26.7695124249522,5.59119706568856,1.96249339672478,21.5491478878927,14.5915305101701,3.03222398309562
"161",24.0500819707807,4.3274887364766,1.47819984209141,27.269429976642,18.2296897867822,3.49153434511799
"162",23.2807579121276,4.44427714622701,1.63271924463348,27.6563064691001,18.7219252678863,3.6645753557931
"163",26.1881712994975,5.95114194854004,1.98601120241108,24.3196730127998,15.8427291124602,3.34224218816639
"164",25.7638058417837,5.63557936371989,1.84591660871406,27.5117540094687,18.7972032327888,3.84301393886252
"165",38.7259105157364,11.6159928722575,2.94288343124071,20.1936998355379,15.2077068715893,3.75681223016491
"166",35.9984235060681,10.5421375857976,2.9078510682431,24.6381538712439,19.2264024358776,4.75783032565858
"167",32.485809925775,8.67629294603478,2.33850818337498,24.7314801338961,17.0225018962272,3.99904550686393
"168",29.5606508051485,8.00434479429276,2.10459698920098,24.2241043071265,16.2889556401867,3.73791506207417
"169",25.2528703376078,6.74749727080575,2.01737576562702,30.7836845251894,21.5188256335215,4.78127461468828
"170",27.6275431240679,7.08067243330865,1.85249157958373,28.1565692095562,20.139461438493,4.35990442467686
"171",28.5168406539295,6.87027739743395,1.73324425508313,31.0629636924693,24.5613367817841,5.66865412007916
"172",37.6133585069176,12.4992613602789,2.93353617406031,23.0725184932991,17.1778053536607,3.80613401839918
"173",30.7835271888116,5.80384494378301,1.931342146782,24.6937289946877,19.7148581742313,5.20102279527773
"174",29.0786625616757,6.06863898615029,2.12439639201871,23.6888452696253,19.2364940532725,5.65037810915055
"175",32.1629908020967,9.20677379383593,2.09195682168655,27.5046978538226,22.040398874968,5.15177339501664
"176",26.5210339729881,6.18664074434106,1.87931603807445,28.1385902716978,20.204138314123,4.76074253800985
"177",28.058840941558,6.33770357472088,1.87151099746985,27.6315620133589,20.6980436341289,4.80327715230458
"178",28.5588222935022,6.81490603266117,1.88175982647947,27.4732816942838,20.2781937000602,4.81431544391359
"179",26.2099403940364,5.8411249573992,1.81956720512039,30.46425917219,23.3882080993376,5.41145992075587
"180",31.1792869994816,8.81903247507798,2.27532655149582,29.8771004238968,24.0291113693352,5.33166797086619
"181",32.179709765126,7.25872830784004,1.94027536057071,20.5359190225047,13.7235064133342,3.29467716643978
"182",35.5962796228659,9.31057213647626,2.11176687569163,19.5149919306889,12.7747596208488,2.9301918111398
"183",28.2243355007588,6.878908470722,2.09556690673949,25.041422425196,17.5170551449687,4.25339238464477
"184",28.9479214309554,7.45804693789089,2.11522404675758,23.3037071832083,16.1037835160072,4.1626834787449
"185",23.2107847108576,4.50982229301352,1.43727636129535,27.6358215726623,17.3240888222618,4.25044540595571
"186",23.8134446041559,4.84235491071429,1.64843460477373,25.3415576984803,16.7466517857143,4.63373457595015
"187",25.6446335078534,5.45001557147306,1.85933840279783,27.1793193717278,17.9662017079447,4.58818622260724
"188",26.8366807610994,6.77436854152609,1.91958393769519,25.0237843551797,17.3407957236799,4.3357246462033
"189",25.2700124786643,5.44754167250315,1.60304081969922,24.9085615112093,15.54139235187,4.14532033272737
"190",24.5883727063788,5.26336241232587,1.92466429103501,25.5058211823217,18.4674269948901,4.81568722192024
"191",22.3221476510067,4.8972048972049,1.71209947393592,27.9798657718121,20.6768306768307,5.29172644667623
"192",26.4246772389054,5.03557744937055,1.79209468512729,24.4392747420575,18.093413610655,5.24601756736638
"193",32.0811963641903,8.64680446899448,3.25042295093769,25.0012694866196,16.8262141018271,3.85635266309108
"194",31.4674205079083,7.65881720911492,2.82892674260633,26.0063546947644,18.704391816269,4.23032709792037
"195",34.8034033126919,9.92101910828026,4.62558689902173,22.5670845290238,15.6535031847134,3.96243846260931
"196",27.6862074327476,7.16877267609158,2.19251514949724,27.0751049603483,20.5242086825973,5.11919824199241
"197",23.679190128927,4.58626011906637,1.45311550664956,29.0378165482015,21.9816045610609,5.22176466617161
"198",23.7539158442781,5.21870286576169,1.60513904699951,28.9117997440913,23.6425339366516,5.55700113839649
"199",31.279771355986,7.51777153248471,1.81483147993401,22.6813367455588,17.1226649032898,4.07533586166999
"200",31.5834038950042,8.18821689259645,1.97635135135135,23.4524109206582,18.1517205422315,4.34684684684685
"201",27.035163592463,5.70868356342714,1.86742418128702,24.6053455995843,17.727133925845,4.51926336007231
"202",24.9519207061492,5.35411162588863,1.67231321802481,22.9461511908871,16.4209773965872,4.56606465089029
"203",25.1858287479486,5.1418640673996,1.77478105866853,26.9451684525533,19.4831689901394,4.88775220233021
"204",23.0540527935827,4.8312774705799,1.83675370961355,27.9544818580356,20.3601304409471,5.73505089799436
"205",24.9213018122531,5.19160254092857,1.77350047039081,24.1487427102276,17.7826266590921,6.67065015637316
"206",28.1225139220366,5.4953722334004,1.79680967916455,24.7582767272505,19.61046277666,7.07083954948604
"207",33.8323710251563,9.48415720292686,2.45684505774192,28.3991620254458,23.8916663907559,6.14297834028776
"208",35.1018727505643,11.1301567181378,2.53855761131604,27.0633807112792,21.3802143351003,4.88686862819135
"209",37.8901999576062,10.3366407289994,2.58047126583535,20.128594644245,14.8723015905691,3.4188761685889
"210",37.9596245639132,10.0344530577089,3.08008506629748,20.6489847752784,14.5925370231447,3.53538957795127
"211",32.2717622080679,7.9935820956926,2.43324233903245,25.3732349273751,19.1786316698893,4.65507686623838
"212",27.5708065891647,6.4996645045851,2.05647494502951,26.8066340500022,19.8602102437933,4.35250549704895
"213",26.7806469920545,5.47674627401688,1.64265801837023,32.4784808929247,25.958430597953,6.75944333996024
"214",36.2884738820796,8.5026761886303,2.57786828342667,18.9106580676712,13.0827605742996,3.31991175699233
"215",26.6148074588988,6.16639377181872,1.82369599710779,28.9076464746773,21.0458566323746,4.62250697945329
"216",28.6628733997155,6.99460999938046,2.17707420203166,28.8248167195536,21.0013836400058,4.74707368638168
"217",28.5376681690046,6.85638209352638,2.11309523809524,30.8873921777148,23.4631386253952,5.79831932773109
"218",27.4187134860674,6.54476766150359,1.84311295422407,28.7508029241734,21.0759350207782,5.36409425298314
"219",23.6592135431931,4.95112622184445,1.63744687310261,29.6515937731653,21.3592576852245,5.30510018214936
"220",21.4916668079551,4.32203241960531,1.17906315333471,29.7926450890965,20.9139606707264,5.23986212871753
"221",23.8371295279912,4.91992026395381,1.33015133015133,28.1215697036224,19.6315644762167,5.41125541125541
"222",27.5897088693297,6.71701667480639,1.94725654789783,28.6587321384029,21.1696783646131,5.21490074575783
"223",33.4062542395876,7.26141078838174,2.42971251627432,21.474358974359,16.588793193626,5.45057883810127
"224",35.697433849951,7.08603941679612,2.63548485309788,21.3857936191064,16.739972674016,4.85233673314051
"225",27.2508615233139,5.84085860188685,1.78870631117905,25.3632463605035,18.5511093159459,4.10505893765249
"226",25.8550385636617,5.48893600106002,1.83529972589679,25.452016689847,18.1678150258381,4.18475577574612
"227",27.6039572106491,5.54089709762533,1.85253022136166,25.1459824660179,18.6032744739869,4.27721666928323
"228",25.1549814022317,5.67636612873076,2.22359349731892,27.76666799984,22.8176210355785,6.46650778789684
"229",29.4771291574701,7.74583601454589,2.23812961796648,29.9657508181749,24.7325022821484,5.17519470345167
"230",30.4428813700687,7.65847383781242,2.21778476441348,27.251244126887,21.8979515622623,4.66357932899973
"231",24.3130459383952,5.22323248435866,1.71823235442754,29.7680093362096,23.6117757572535,4.81404533288412
"232",23.2045205978855,5.44963669088727,1.60957707095421,32.3004010207802,24.8833411105926,5.17301642782244
"233",28.5456320156174,5.64682386290426,2.09269854243291,30.3725394501383,24.3364257183353,4.87161149707124
"234",25.4910581511127,6.26180593927089,1.9134194483981,30.1281471040823,23.4641035196155,4.61906168595752
"235",27.6374585582267,6.68325407073793,2.07986015570626,30.1648061245736,23.4732764322384,4.92530307689818
"236",26.7884171959655,5.99359990774642,1.86355459200148,29.353100111754,21.8842794130366,5.22471823731107
"237",23.3442022915029,5.47765692569781,1.64301099022478,32.5630549934915,25.7318831083737,6.00320318109019
"238",25.3879756293827,5.86311636621784,1.8015417734002,29.2470398896425,21.9756304770328,5.26752534545586
"239",33.360147903524,8.51601656134234,3.05911468938943,23.6758541851899,16.2824144693833,4.10388145734783
"240",26.8282928315685,5.73725561849077,1.39659975026414,28.8127523425002,20.8459711310068,4.79877053116896
"241",26.3663813896979,5.48129300458716,1.46597252241246,31.1261591238007,23.5002150229358,5.26622436897401
"242",23.1226895556014,4.30219165193128,1.1732725359523,29.7497977121642,22.5848839284266,5.35250789196773
"243",24.4920197423242,4.84403791563605,1.38458471519962,28.6536119479521,20.8818207473564,5.0363362873557
"244",20.181682705265,3.11985525436437,1.06275929031689,30.9542305436213,22.9115389003896,5.69511872186424
"245",24.7957233002318,4.65191233347658,1.54553781987566,28.6562568726633,20.3445065176909,5.77676431035491
"246",22.5170176346483,3.63581730769231,1.20473422904068,27.1983599379006,17.6596840659341,4.41657450763547
"247",28.8183415557208,6.16695059625213,2.35631444483247,28.0749476245185,25.5144804088586,5.13536861065672
"248",24.6797245552386,5.52281954471493,1.93270323927172,32.4309418382944,28.9948026097534,5.66575602803183
"249",24.1974438965483,5.37686112208274,1.95452508960573,31.4430914763007,26.516803764318,5.79263739545998
"250",30.2113591500698,8.15860628531645,2.24203133441383,26.5619232559259,19.8371193109143,4.38951917882226
"251",31.3831806105297,8.07524834593127,2.21424174020111,28.079307415641,21.6338994552412,5.26164580340653
"252",28.4122870777107,5.2236802362654,1.50010098599049,19.9917833328066,12.831828707588,2.46222205901254
"253",25.1810987084633,5.25241422626992,1.5247115695395,24.8137454564203,16.3356101646123,4.15958179339807
"254",25.0287907869482,5.72939197308339,1.84418517124577,26.0508637236084,16.4639910277978,3.78075067574503
"255",28.335390199637,5.42084454533155,1.57869170984456,20.5270417422868,12.8049788788503,2.7720207253886
"256",23.6815407906853,4.71108626303154,1.51355030539684,25.766727536639,17.5535238596376,4.39377384513425
"257",23.0246160841618,4.44074322424347,1.49470527598163,27.6006035177645,18.6281932036945,4.56845656452066
"258",28.357594898416,7.36033889330156,1.83796202446111,32.4959765733716,25.9833546292779,6.53309908327139
"259",26.3472835849881,7.63378435320006,1.63029187483566,29.6062533378647,22.3477222716419,5.05207559249563
"260",26.8980565973406,6.26785168652771,1.60493328486219,26.9103307193999,19.0626120919852,4.61149035289682
"261",26.6021497863024,6.29239495311958,1.6473226671599,29.2620153955444,20.7037851603195,4.09114029409045
"262",32.4277255311738,9.20599505262647,2.15547942882339,25.233526487445,18.7725339929831,4.43815079876539
"263",30.1777072912854,7.67524036486153,1.8509177525571,24.1199354777493,16.9679787438026,4.25528933725655
"264",28.4497794193085,5.93746787481826,1.40439434526114,24.0879977722083,16.2571776834623,3.57059907405974
"265",25.1898927764278,5.9845192124539,1.62055922272491,29.4567452293157,20.4903981021316,4.42965215456501
"266",25.6525652565257,6.51842123944062,1.5447720473404,28.1234005753517,19.0707744729183,4.0999491975088
"267",17.9452096913049,4.03601463094382,1.35130642909381,29.9963104169229,19.5516928752306,4.75367329299914
"268",19.3084471211256,4.12408169130458,1.46958901982101,27.5271273557967,18.2781599698238,3.88072450544544
"269",25.9047978843974,4.67762583057322,1.0774186382317,23.333962976955,14.3966025237234,2.97678551593913
"270",23.0569546140715,4.75547268429475,1.28609333541439,23.8794599398993,15.5408083863106,3.21055095988762
"271",30.6976120603614,6.05146763168476,1.56948065968012,19.0096679527477,11.4085552565649,2.29526166315125
"272",24.2233608756304,5.2736292012627,1.54562955109784,28.3895804270845,19.3954426081651,3.88918338308735
"273",32.9861111111111,6.53442240373396,1.93087903831706,22.189465408805,16.5994837523426,4.41960931630353
"274",32.3425366695427,6.50989478957916,1.91212986267124,22.7955133735979,17.8231462925852,4.76174388946133
"275",34.7695390781563,10.4284432480933,1.98671006238134,20.8507924940791,13.5554060116644,2.52463610885092
"276",33.5858166729536,8.98980394576501,2.05040299319279,20.6307053941909,13.4785358404418,2.63058133210265
"277",27.6005047773571,4.70246820355646,1.08795661086988,22.7981861297167,14.045218318305,2.8457974851092
"278",25.0741302276905,6.40568932341775,1.60190260104151,32.4831278260053,23.7258827812159,4.59111846151743
"279",26.786412066585,5.84210726367403,1.63005811163832,25.3549378695913,16.9321018156018,3.42538785520073
"280",24.7052081094634,5.19968826481084,1.67329679806382,32.2129092341858,23.7698081734779,4.59565471388433
"281",26.9972046491099,5.78566732412886,1.26493460931257,30.6238046196852,21.9391482211995,4.13978599411386
"282",36.8207116503033,6.71163651130262,1.09819275670256,18.3707502136619,10.9055633262645,1.76904528851434
"283",23.5296753188566,6.30680494057329,1.31837220444815,38.5629797783685,30.2027499417385,6.2951113584025
"284",26.4539434075858,5.25039828219159,1.21973929236499,28.0450675152662,18.0802798365311,3.04283054003724
"285",30.2124658379617,7.79486879271737,2.15453651340054,24.6245849128684,16.8542450275879,3.17648143594787
"286",26.0859547592264,4.11860448658977,1.08395772715623,22.7084829838852,15.441228504706,3.30614644736247
"287",32.2010571165024,5.74006998588004,1.56527986861913,18.5991010117278,10.7572595002763,2.23244833721089
"288",27.1787575856772,4.52878878853303,1.56582360125705,26.273512451842,17.6105369393308,4.05659471105683
"289",26.4794330692189,4.69436885074314,1.55590899661158,26.9775894981826,19.121572116391,4.04951248184773
"290",28.4358419816091,4.84567252502061,1.19823848701055,16.1861492741672,9.29198531908357,1.84173693373844
"291",28.6453645364536,5.12487133647543,1.32202013954657,21.1953887696462,14.3109955396645,2.86630974699936
"292",27.0724147647225,4.12005101153556,1.2873786712245,25.0704423781347,16.9048171120515,3.72571464412839
"293",28.6899440880078,4.95408817770576,1.12321307011573,17.1496429219376,9.66511376679495,1.82365375658343
"294",25.3093590585383,4.3972417616688,0.79533307969636,19.9656548310521,11.3049655220209,1.92039422432379
"295",26.0905820797907,4.59335852058063,1.11972898279397,24.9803793328973,16.5672433220654,3.07390567888027
"296",25.2940994365674,4.5778087927425,0.999570432541387,25.1640765277692,15.8595022098162,3.83471565938605
"297",22.1228470038372,4.18007346450639,0.945597445658848,27.5843166671475,17.4819898060879,4.09400712268206
"298",29.381665409889,5.42496775118246,1.01156898365044,22.3670508815397,13.2094739859538,3.1456162156994
"299",21.2259414225941,4.39439303211758,0.937827149005467,34.1018131101813,25.2204681545999,5.96574386413865
"300",26.3157894736842,4.94947521710561,1.04750304506699,25.2029062555378,17.0718712816779,4.15628220743933
"301",23.8295919927949,4.36541665250059,1.09577776983304,27.182354240658,18.5207221296706,4.54220442601266
"302",27.6916857566366,5.15868278790566,1.22875723062552,22.6047702465975,13.4108698988728,3.51201810800129
"303",24.5788508768896,5.73341514473399,1.7305463410735,29.949150783493,25.0270699487476,5.52735702010311
"304",21.0387527839644,4.25623067466379,1.14928400221253,32.1300668151448,27.2342882688224,6.48597709626534
"305",26.9850027586899,5.6128092136449,1.80631538535368,27.0000501579977,22.1123966361769,5.5782704674153
"306",25.217056883471,4.22398599496102,1.3477223616992,26.660995023716,18.3520422043742,4.30921422415408
"307",30.264238371752,6.39470292849842,1.81719764924219,25.2756759927268,17.8968730095247,3.976183111661
"308",30.7554878901334,5.58869804641406,1.33467507017637,14.8720657459336,7.68650845679822,1.47237964090885
"309",25.9826037762534,4.12396221013455,1.30394611349547,31.4221059331023,22.158602920126,5.39163090128755
"310",32.3087725331728,5.767241124479,1.78163184864013,22.822629180638,15.3078719441899,3.0003941663382
"311",28.800709734656,4.8748921484038,1.67290643136491,24.8850713767239,17.8494391716997,4.20314261457739
"312",29.2056542764758,4.79769291269772,1.30497376120373,21.423870432369,13.3749890762912,3.31119676775182
"313",31.4793140990746,5.03387108038271,1.65663325515737,21.2098530212303,14.1713806830086,3.32521697563599
"314",28.1814981920579,5.03867797544719,1.35505974194208,24.0120316149883,16.3842174399559,3.33225383081355
"315",31.1115720232892,5.67156522526328,1.29719418170257,17.0061778693018,9.91128277859923,1.98076464509975
"316",28.7514937688499,5.3089944343513,1.09477397478979,15.7912706993683,8.21582028433832,1.65128407864126
"317",32.1055182441321,5.56292699452318,1.64495928027519,15.4289275081354,8.48907458641522,1.8507629435804
"318",37.4608368187922,8.57893201050481,2.43806527723162,19.4156776194959,14.3257789449794,4.10604273168174
"319",32.1897158170956,7.03219155207713,2.48462378571018,20.9605828820278,15.8982996703887,5.07271368626775
"320",31.4884932085298,7.70413588940304,2.30330442799113,26.5001055668942,21.5258816428592,6.35245311284607
"321",34.9049477527383,7.27053859197225,2.36258746178544,19.675185698099,14.9617510387408,4.37468820752907
"322",30.0659138273639,5.93793025047683,1.95670799314585,20.6853099403868,15.2938650229256,4.39219836710009
"323",31.6620037668916,8.43715561200665,2.5323865996903,22.8884378371459,16.8593682873527,4.04879706915436
"324",29.8233270794246,7.38163290667329,2.52245657379024,21.4915572232645,16.8836212253014,4.05972152323436
"325",32.4817032601464,8.27931464743297,2.60361562169373,19.7826569084054,13.8820414498311,3.26601959611758
"326",29.4713075629233,7.28450907041901,2.32187280729731,21.1295137363054,15.5879728904819,4.15098552018881
"327",30.2733468134502,8.03489633983059,2.22216315355785,25.3890511495544,19.8455315490536,4.23699529518088
"328",26.5395285256711,7.15729463591604,1.82335396877115,30.0588337778254,24.3586421352682,5.56279606005163
"329",34.7368126173068,7.56980231170117,2.73324217517393,19.0338123651847,13.3068390252424,3.18552688915268
"330",31.623243759378,6.66948376646243,2.18915082605324,21.7200927567863,15.605324318614,3.57054011735956
"331",26.4520012037316,5.17215399683568,1.83799021008323,26.3335088775203,18.3624651548256,3.2988591128126
"332",24.1911673404065,4.0711821803888,1.53219952297003,26.0771788468702,17.2754499023986,3.3534688374987
"333",26.6652052735415,5.94960262394348,2.18319581340097,24.5654965083143,16.7670619402044,3.18008154878479
"334",26.7344233318604,5.15466649003113,1.96536468868676,24.4767605350902,16.6417168973968,3.28213292964621
"335",33.842635900634,9.80334046021296,1.87949264689719,27.57925371583,21.3806388788924,3.88428480358752
"336",29.5143871308814,8.91825876204722,1.9040071134479,27.5337965410468,18.3420748679302,3.31123267546827
"337",27.3846452113222,7.45067698259188,1.68022429316064,30.0678557580458,20.2533849129594,3.89748854841257
"338",18.9907901651133,5.05126479553462,1.42997961030017,37.5515114638936,25.4595357797923,4.8246620846105
"339",16.5039747859485,4.37416459219836,1.3289708055938,33.7748344370861,21.1019412118165,4.03112722495231
"340",16.3213287288275,4.40573365157649,1.30649959557463,34.5379049498438,22.5904289689185,4.36505216401848
"341",13.892306096133,3.66088631984586,1.3839412376659,34.0956587469801,21.2583370386839,4.93364017527821
"342",13.2967397616348,3.37118379003196,1.23433620142057,35.6538450902856,21.9636907595023,4.35265923658832
"343",15.8921999627683,4.22941054235645,1.22895767241133,37.2187934071284,23.7985731107571,4.6657520935151
"344",20.0368958735794,5.07831366866763,1.34527541424093,31.4171844271568,21.9019526668047,4.70398566950291
"345",16.644934597911,4.63026572504191,1.25168607771187,32.5047696171953,22.3530543266192,4.40048152929061
"346",14.2732260203774,3.61846520993363,1.12458654906284,38.1217218303491,27.1832351405772,4.65900141754607
"347",17.9859826607779,4.16266090669597,1.34574087329993,28.3844827803153,18.7694305370007,3.70273963688423
"348",23.0955507426798,5.84887764780272,1.35066689177782,32.236225037944,24.328169459374,4.18519143827265
"349",22.1320874920365,4.76231833709687,1.19781125852635,29.5335173780704,20.4996815471021,3.44801739000075
"350",30.7286745530821,8.6057371581054,1.92884926202867,27.7391435806342,20.0596694092358,4.88961511819974
"351",31.0243108534228,9.86857545177188,2.01401496513226,29.1594615671515,23.2809199718376,5.33450973072942
"352",32.0902952517152,10.1580611169652,2.25378688610514,27.5013124309842,20.0561995082543,4.47612558310184
"353",27.4952829440771,7.9250652864001,1.93722451412527,36.8485309740126,29.3296220425652,7.38341359351226
"354",22.0410654993225,5.53247130611652,1.60473212011434,39.6763002337666,32.3027749527822,7.45761752469363
"355",33.8158410665273,9.157066921542,2.156407155134,24.0785518232911,16.5903717490819,3.18448023426062
"356",34.661567563122,7.49779413347107,1.73465775389934,23.4229788633934,16.8205393074655,3.93369567480894
"357",20.5882713702209,4.85031788161225,1.45590531169444,35.3146810259178,27.3032528856243,6.69498602185673
"358",20.3969286643694,5.03326220660223,1.47671028544308,33.0297267540787,24.3378938119744,5.72784595565801
"359",21.6287238892017,5.30436026476287,1.74806613074473,35.4315823344864,26.9964498888152,6.71419181960665
"360",24.8487076522821,5.14773999972346,1.5743814929849,28.2789434986709,19.5027861123018,5.02838170718646
"361",25.9942160512567,6.31131562969354,1.76682299051151,33.1139054436225,27.2536989102994,7.14831030023527
"362",25.52685514026,5.10055693069307,1.5511376521279,30.6522521394934,20.9637995049505,4.83029707460881
"363",34.7104639349814,6.75348091755985,1.505478048396,19.1876434511043,11.834118000601,2.62079293765272
"364",26.0931140688593,4.54198857669012,1.62842778115592,27.5973490265097,19.6541355546923,5.3420736500215
"365",26.6691957511381,4.91180461329715,1.85256714998812,22.8918274441795,16.457901878169,4.68267173758022
"366",27.1220413427685,6.70039728492277,1.90459078249933,28.4327395684456,21.3304591045946,5.08310124876471
"367",27.8512587574101,5.2171345134776,1.85632878604731,26.6964354453769,21.2015815464374,5.98169573476084
"368",29.4224715413192,6.3396883157978,2.37428547759092,25.9522282065436,19.4066925085041,5.01366912434761
"369",27.4639969195225,5.64948388020295,1.86135344674101,25.1936850211783,17.7834682614159,4.80391046080637
"370",31.1770958826447,7.01313090478971,2.07399720112584,24.2307419743463,17.6031981314288,4.59612874821139
"371",27.2999483737739,5.99389223416553,1.85326177786856,28.8556186542764,30.1385462137028,5.92746652801248
"372",31.9940888519442,6.10796348756689,1.99725698611349,22.9072380776454,24.1706011960969,4.47111263500771
"373",26.2235176404054,4.71189618302721,1.71974927614623,26.3337248589783,28.3460761051059,5.0956123325591
"374",27.807771153154,4.81070087609512,1.9070788179854,26.175609908768,31.4283479349186,5.34526462632483
"375",27.3921842487815,5.16065220869515,1.65080168242624,27.9879143744834,29.0803042864831,5.9960153062838
"376",22.3318425627387,5.16852624994545,1.73495652173913,30.5543586467171,22.4008262659471,5.504
"377",20.4972791963165,4.56247519456092,1.46709515159983,31.3520301381331,24.1152007730669,6.20022355735643
"378",24.5730664962962,5.55818727301437,1.89566877875184,26.493188057949,18.8132708739056,5.74776495095912
"379",27.44525045553,7.58104651966544,2.07809197947067,25.6334444941039,18.5214626391097,4.68115796182617
"380",21.47561723162,5.3437201038677,1.64216063790713,33.6376560197201,25.26619205586,5.82576035828959
"381",22.4774952675373,5.90062940046938,1.79697680479541,33.1054488008825,25.2573607851504,5.59812353401095
"382",19.5198244378572,5.31888351785436,1.52956869719875,31.5700692749873,22.7943240293155,4.6405809989625
"383",21.4019790339963,5.52829676037654,1.4165775737375,33.5831618823683,24.8174015886461,4.74655682032577
"384",19.593834943857,5.04384145160844,1.48835231425496,35.0747861727411,26.4155118524051,4.87568271517986
"385",18.0594172859478,4.34134273223303,1.32053022304895,37.6725140286133,28.017080692717,5.55862785514387
"386",29.0789927561228,7.58969440690527,1.75333861108588,41.9767078959904,34.395570861851,7.21062126069069
"387",28.6375661375661,7.27702571410065,1.80822743482847,42.1087440824283,37.3372627760865,9.54174828804393
"388",36.6277587052477,10.2951342727998,2.15844359109688,28.7435017165277,23.0222458565984,6.03126649316614
"389",16.3309917046559,3.54251525343519,0.950697578638478,61.6583215006352,54.4103976879003,11.9815351878228
"390",41.872575588501,13.1318081927558,2.62082938466063,23.0741980622421,16.9451866373654,3.9051011404856
"391",43.0309677640486,14.563679245283,2.71399084048249,19.4975236071361,13.7158975012749,3.18325485389924
"392",40.23696032372,11.962788668308,2.85732477993028,25.3369226021055,19.2305294979275,4.63380079909584
"393",36.6609132276793,11.2907284866249,2.67263043100315,27.7043778440295,21.2432088348063,5.78938218141012
"394",40.0656939882362,11.762272228518,2.65409203586006,22.2328317164464,17.255769611282,4.70243975173802
"395",39.4383721597979,11.7852442234572,2.72504708097928,23.7629448134607,18.5653699912255,5.36911487758945
"396",35.586903021008,10.4800171966202,2.37355964948596,31.6831330028177,26.6960993435521,7.28972607465673
"397",26.7136462194866,6.68021013538178,1.66892494794937,44.3711967545639,38.5147682003587,10.9504610198619
"398",30.936683451868,8.23968841782659,2.05860380177638,37.4898337053765,31.1454475801303,9.02797376940317
"399",15.4245418098511,3.18078175895766,0.825475655179356,63.1854954180985,57.0016286644951,14.1605986376296
"400",42.5127716685427,13.6501901140684,2.43737534228052,18.9089964499091,13.4947925276905,3.23518474696596
"401",41.1101746408201,13.2131421918207,2.29516699701758,22.5602226621455,16.1184689273759,3.13802493377545
"402",44.136182542557,13.0424877548696,2.20098998503511,18.5319328745624,13.5869689030641,2.83872453090825
"403",41.8479431402111,13.1311493134393,2.46044069801834,21.4849333307227,16.5062889681767,3.93559597752144
"404",32.3872365570219,8.89955982392957,2.32184244044015,27.9909395312192,21.6466586634654,4.85248366149542
"405",25.2735521750734,5.68189214167632,1.61246465085926,31.5172137710168,23.0230529919425,5.27517946486839
"406",36.6192802385788,8.58367456277984,2.28537030886749,16.676729421666,10.0206651104053,2.05081368316174
"407",36.617963042544,7.92612830504173,2.3396894623797,18.0747743876235,10.9344440960869,2.2659080847994
"408",30.82687951109,6.12346650921735,1.80686496283703,22.9387282018861,15.1466246801811,3.51818807693929
"409",25.359638772917,4.13604332886844,1.24810939094721,27.0534579778544,18.9913225787665,4.11076817136603
"410",27.2382352941176,5.84415584415584,1.62015175692839,28.3897058823529,19.9218983781196,3.6929690298629
"411",31.3394458839944,5.79048585134935,1.32464304972687,18.0027905122583,10.5412202286608,2.31167795934635
"412",26.1934572966061,5.02985942289399,1.49935083972023,26.7781980925995,17.3898108022408,3.82795158520752
"413",27.094756000455,4.7839488748631,1.63737686997231,28.1628938687294,20.27278783294,4.59130930738245
"414",28.3095484450345,5.56075748600256,1.28557583908546,28.5399137106378,20.6072882230418,5.39744071517573
"415",24.2642037139419,5.62259265770589,1.15428115228528,31.0969462421542,23.4061595998018,7.12028474486062
"416",26.7004647232784,5.89739248222147,1.23261694058154,25.9998591747641,16.9031493396546,5.42210984688861
"417",21.4681814094302,4.30355708129428,0.887843375322507,28.7656245316387,18.5567160908626,7.59599332220367
"418",23.2491200368433,4.71037938870412,1.12688788790349,29.8710483897497,18.7572423964243,5.66405336741533
"419",27.2492761252961,5.21753570242444,0.961881617184712,27.5581293322804,15.6077715044836,5.54526451744473
"420",26.3938010417336,5.21895620875825,1.0968137254902,26.6912095685165,16.7621475704859,4.7671568627451
"421",30.6201550387597,6.49628332807163,1.22511485451761,27.8752065065447,18.5675745486898,5.39816232771822
"422",27.8491029181403,5.65298592447501,1.12257715730391,28.1317119648596,17.8715133846551,5.22491294461847
"423",35.0198361584832,7.37871180128354,1.49197485397146,23.1267281501709,15.1930302929538,4.74999571763819
"424",35.7936200439106,7.07220774991859,1.63969065629886,20.4657970640148,12.141810485184,3.90905633267126
"425",26.8450400637271,7.81543151969981,1.29081828659239,37.2147509488777,32.6014305816135,11.0211294660008
"426",25.5274005819593,6.49121084159874,1.33651343057838,36.0511639185257,29.9813414514387,10.7051962595076
"427",22.2196155710912,5.49940415765547,1.03146425073457,45.4448771485322,39.0239955275044,11.0308521057786
"428",25.9342164609191,6.47053332503578,1.32032696851651,37.7612214556571,30.3441408924015,9.04751261255508
"429",26.6924881348535,6.12269350587108,1.2772455921144,37.2920189842344,30.9866146314744,9.27044287102596
"430",24.9112871429083,5.78905496216802,1.2016581833447,39.1232660668841,31.2135010240872,8.78242465585699
"431",29.3189976070194,7.2166909759655,1.40235515147449,29.6280909332624,21.6611706512778,6.22337034924682
"432",32.626188734455,6.46478769593053,0.996297285948773,23.5721118676495,14.5356538376628,4.1493300759629
"433",26.457618110519,5.86228028635895,1.02999742142509,30.4092391226281,21.3822112036547,6.20147265278056
"434",25.7264442916094,6.88781763215949,1.32083629719514,33.5210339293902,27.0651196993218,8.03101942898587
"435",35.2718638064958,12.766285593106,1.21854355954203,25.7556244214593,18.9817046133678,6.57122377419167
"436",29.1705838337714,6.81076376296511,1.29644846160869,32.5281556378427,25.4098063393051,7.59974436227518
"437",36.3200044646594,8.48387737160035,2.45049255044495,23.2301810977481,17.0939564958453,4.0774234491512
"438",34.1732224563328,7.11162015826739,1.96388594715605,23.4088443940206,17.0085381091212,4.11142539244206
"439",29.3117768358346,5.22492691366864,1.84112471428124,28.6917172642914,22.4807589046,5.26505307323794
"440",31.8698081860746,5.1912092780406,1.25335109198641,20.6539797613654,13.4882837839976,2.99165001792941
"441",30.3791615289766,6.14023098476047,1.3061415677302,26.0309631456364,17.5562085696713,3.92743257607149
"442",26.5683500528738,3.63946545351152,1.23957592604564,24.9292634828089,17.7004923454499,4.54618915249855
"443",26.4661455660004,3.99614757741888,1.35934550031466,24.7987212013668,16.5180026670618,3.81057268722467
"444",26.9708293153327,3.54783921494622,1.10415404295429,23.2792912246866,15.8158772095364,3.72483673331987
"445",30.3951279634597,6.48411108785985,2.69245003700962,24.674835061263,19.3761023586739,4.80662472242783
"446",32.9636352989401,7.46533907680719,2.7237998367849,20.5879252796159,15.2696372666714,3.69362869747253
"447",28.5792336457676,5.92143022872425,2.19907263528213,24.893157204604,18.4579125401458,4.69152070410104
"448",27.9664335664336,6.24956629147988,2.21882280293036,25.8335664335664,18.9443881587165,4.50641367502175
"449",27.3068438609706,5.43693476748542,1.99554756859695,24.4740665016679,16.5114785679884,3.73226403454658
"450",22.0448762433495,4.28758314447331,1.09562347139647,34.0877951564974,26.0516278812669,5.17786482670856
"451",22.099940076877,3.75716222717929,1.08736978176565,30.7902544540419,20.6797008266632,4.1472131396852
"452",20.1421374595178,3.71387009044336,1.02717934733206,36.3067393204133,26.4499399152489,5.40730063500721
"453",16.8971353350467,2.74450673054708,0.808598757518982,40.0614304519526,29.1693519948442,4.87377970614338
"454",17.3158445276371,2.73375700533612,0.853354869102901,40.9532591940101,29.8179282975357,5.68005922336631
"455",19.7415813847121,3.5733860654064,1.00382914806744,30.6889257332342,20.63751356812,3.92752120840297
"456",20.0561990616537,3.37278859615629,0.847593582887701,34.5598799730448,25.7642866233932,4.9144385026738
"457",19.7334937886252,3.62821184468622,0.955311681249691,31.3740237925113,21.2100537287248,4.05852983340748
"458",28.887624668883,5.7760729375139,1.39533055577392,23.7675336450426,16.4554147209251,3.18174671802531
"459",21.4281353034559,4.31383244692941,1.22396727760952,28.4390645988521,20.1751594769459,4.19645923751834
"460",19.098033110177,3.62742135831067,1.09485943911866,27.6523604407771,18.3284654379427,3.81242656949718
"461",20.3355560335556,3.47895631310607,1.15257551739974,28.7158528715853,19.4841547535739,4.18808610242811
"462",22.5993143144717,4.62642256308758,1.36210663987113,28.1319787374579,19.8880504700643,4.05920538462765
"463",26.207373866529,5.60412113643459,1.8149386845039,30.9922929839173,23.4590339413942,4.97324414715719
"464",27.3433207574814,5.64339172824424,1.92620504838917,30.5617620844169,23.2472631092028,5.22158379460054
"465",22.2503893871851,4.34809335491671,1.34707593145732,36.9074601213814,28.4787820420876,5.95326992611225
"466",22.1433994200301,4.77447099643259,1.79735483627868,34.5057188017275,27.9150173483849,5.39332052199907
"467",26.7060937266058,5.23119751594597,1.84918385763817,30.6183560413236,23.7377059210426,5.15808305495306
"468",34.9317913165714,8.21267735218633,2.25287130656719,22.6414491549791,16.0993010830791,3.96747488629299
"469",34.3087609958776,8.65250073215971,2.29039988262719,24.3175252377706,18.2584361068628,4.37376717799912
"470",30.7530767728072,5.94842506057459,1.77664059966125,25.5714006641922,19.1381100726895,4.67764604129879
"471",27.800353062652,5.33658691846586,1.44163608932929,25.5187689438097,18.4764733966368,4.20011547989346
"472",37.3937677053824,8.31173555222116,2.94297208872748,18.4653657554536,14.5940374967793,4.31427184921964
"473",34.9332210025522,7.07735170065395,2.75654663409765,20.7721089278192,16.7227747036593,5.06789588422241
"474",35.531292476804,7.95753924846319,2.69765344413844,20.1199692689557,15.2957308148582,4.7172698136606
"475",26.8305490826742,5.51627309019555,1.56119824682146,25.5029702320391,18.6480817376006,4.68540587532148
"476",24.0318329278183,4.89965841161401,1.46746146252563,23.5908353609084,16.0866780529462,4.07775837193409
"477",23.2176046390603,4.86668342388677,1.68816589354176,25.9962084603375,19.2559794272898,4.710766558641
"478",24.4288416763679,4.4892201528813,1.40349433045912,26.3278521536671,18.2123181913494,4.90811433745601
"479",25.0760144546858,5.44502090364177,1.45627656958156,28.0704267952943,20.843197501637,5.70389628640691
"480",24.4428376315578,4.5692560269593,1.3139354012261,26.5734715192416,19.0650652380541,5.23195168816909
"481",22.6189790274257,4.40793099852523,1.13797351401294,28.157409541369,19.8021719376127,4.95226362796427
"482",25.0641917192682,5.53572424563556,1.53349705865555,25.3129346314325,18.2581292877461,5.11165686218516
"483",26.9428533368856,6.17090379661776,1.48689225083728,22.4510456906887,17.1379773770859,4.42314355006352
"484",39.0196610695312,7.2560140817524,1.15335764329905,19.1104044673673,12.573831410131,3.64649485803253
"485",24.0845498343437,5.02190064315813,1.08038529403257,28.3742530997266,19.1020736305167,5.97610714182407
"486",27.252862031527,6.55317164179104,1.27674304048567,26.8474361969682,18.5439987562189,5.71805146911986
"487",27.957121398334,6.48272711120136,1.38861415516082,28.6194182712003,20.3721095514887,6.03315266843375
"488",32.9007733647922,7.99500089269773,1.8044194396121,28.7680467389473,24.0689162649527,7.47677388311063
"489",33.0780108413858,8.40800733021696,1.50945208329999,24.704555402175,17.9202062400025,5.39913242520769
"490",31.5164843153648,7.16479748553468,1.3584791105377,25.0645196466868,17.1690835059647,5.54585815656661
"491",29.0069402793248,6.14737052256809,1.32687371199248,21.6056893153971,14.984943517394,5.09237499548068
"492",30.101209074854,6.38232487424588,1.2531328320802,26.6251188697188,18.491921005386,5.30607340268479
"493",33.4520276953511,6.59637504356919,1.21139263917144,21.9848334981866,14.8766991983269,4.66987238764564
"494",40.7263056536292,8.21445262947054,0.938813025210084,17.0869824384428,11.3213006031202,2.94117647058824
"495",32.1418536507044,7.96124607652811,1.39272707307699,33.1292899289528,27.1966906761979,7.39737559707912
"496",27.331729139836,6.62731460297123,1.35143580289348,39.5461939944418,31.8888990573808,9.24444583320314
"497",36.0429249552095,7.73665862161437,1.14693534844668,24.6005799671229,19.6818852239206,5.13350125944584
"498",30.7529398651285,7.00654638906736,1.196522337953,36.2889892065615,30.5127715362309,7.63191873977791
"499",19.2398969351777,4.26774912448265,0.873312172096772,54.5480743151614,47.0073225087552,11.3662154827887
"500",24.2682117206832,5.467450991351,1.14441337949617,43.1513670106826,37.113834201959,10.386637887326
"501",27.7132294692369,6.8382198586523,1.43150039712592,38.7340148628768,32.8825834441257,9.21701546020429
"502",22.4827500723051,4.8234552332913,1.0729571408848,50.3491302731066,44.0397596617462,11.1279856413089
"503",33.0712618919404,8.75220286645561,1.74920527343435,31.3534374439059,25.738837510332,7.62937503025609
"504",37.0470493500518,10.1097547723403,1.77088376596775,20.9037923233253,15.8927083710653,4.51752262485569
"505",32.1973981900452,8.13658850500744,1.66694242223693,29.5955882352941,24.0383970826798,7.71977718949923
"506",31.98127925117,7.82431164818187,1.71843923936528,31.5456391840579,26.7726093913811,8.544978465853
"507",43.9697784607504,9.79191580961492,1.21449473058899,15.8227686003329,10.3491987562784,2.75241468834569
"508",46.1113002042206,9.15235712025772,1.00489710419792,12.6701837985024,1.44389794920471,1.77201573867014
"509",35.7488283511026,7.56045851449926,1.31614826664728,24.2582668932166,16.3660210571706,4.77012852442328
"510",41.7375717017208,7.60470153067432,0.688343883125948,15.6333652007648,9.38115980823985,2.50306866591254
"511",39.5105379922352,6.42969280877288,0.677064442026357,17.9284525790349,11.1465192023807,2.97182928303712
"512",42.7173790459005,10.2484386606873,1.26105681202775,16.0680049622195,0.990453132308031,2.26680764370632
"513",39.4565238549433,11.6719930273097,1.44296879079563,13.9956786638896,8.84115339918652,1.83460688238673
"514",31.3026700966912,7.17137626011956,1.18159203980099,27.4394571099086,19.1891116846447,5.2630366685093
"515",39.7739329143883,10.2135799790956,1.44094442622635,19.3197584265078,13.0317313191473,2.72757084161185
"516",37.8643590592912,7.7920992709269,0.847929424864031,22.1741470685657,14.6775575006789,4.09404308166674
"517",38.4945653402029,6.40445286156404,0.702883011675006,18.0123381465663,10.7764792831078,2.85203716940672
"518",31.7243850515355,6.5856434261665,0.95704579825294,26.6867609552516,18.8121363080028,4.44665146829786
"519",27.9967819790829,6.78018713139107,1.28133704735376,33.9052540379974,27.6085317724269,7.38625812441968
"520",39.5935571891099,8.34520616828696,1.24394705692457,20.336394550897,13.901692926584,3.5424513074357
"521",32.5540914876095,6.45897627873852,1.04111456046036,23.5887549599461,16.5610562261463,5.06928144165973
"522",29.092675554596,6.0394405351403,1.09812704318457,30.2693366438171,22.4741551559378,6.51290479888742
"523",29.527485815273,6.67998942016634,1.14939042882271,31.5924100083713,24.6275016898345,7.148056044156
"524",31.1252074739939,8.46262770833016,1.80343933742176,31.9863272583852,25.5233947957428,6.3539229942467
"525",35.0001026335776,7.94128867738891,1.56657963446475,24.8085883777737,17.958757504568,5.62199949465173
"526",30.1447253705318,7.55368284579856,1.51124706977672,32.1377506538797,25.7693865975205,6.93943373954679
"527",37.7906386435171,9.78802358682391,1.6093462851142,19.8091176769215,13.7276331842212,3.40509320031504
"528",37.7852576315678,9.31418546774917,1.54569473049158,17.0201956052331,11.5662355677043,2.79806112047265
"529",37.2951739618406,9.69775196299882,1.7193447671186,18,13.0321609121222,3.41944313759035
"530",27.4781153450052,5.8814436973491,1.22470027072322,27.9705200823893,19.1143055877579,5.64167848394998
"531",29.710575009601,6.59496889007828,1.18798887987153,27.2370212617393,19.0523181909413,5.52034948975187
"532",29.0440128964535,6.48803908592991,1.1898470196689,27.6359001274649,19.0163749771201,6.0806467739862
"533",30.0856241550248,6.98222612226638,1.24288305763601,28.5948625506985,20.6059980385072,5.87854949081308
"534",38.1189730235586,7.90264301084,0.988433228180862,18.6495503926435,12.0457959481954,3.14826498422713
"535",30.4202730436334,6.77414300388238,1.20785380740523,30.8789149638619,23.097546962865,5.97492370482038
"536",30.3979480802114,6.26854095976733,1.15128911950705,32.3157935644334,24.6844401357247,5.12607426625588
"537",44.3378587106739,7.67960363336086,0.887716611361638,20.8492534482291,15.4087530966144,2.66598598939278
"538",33.4022833048252,6.43068903082035,0.876025953292261,23.1950356020526,15.1176903639149,3.87047915344782
"539",37.895159755556,8.18764099258782,1.41138171178967,21.4184517138568,13.623912342894,4.26093048172415
"540",NA,NA,NA,NA,NA,NA
"541",NA,NA,NA,NA,NA,NA
"542",NA,NA,NA,NA,NA,NA
"543",NA,NA,NA,NA,NA,NA
"544",NA,NA,NA,NA,NA,NA
"545",NA,NA,NA,NA,NA,NA
"546",NA,NA,NA,NA,NA,NA
"547",NA,NA,NA,NA,NA,NA
"548",NA,NA,NA,NA,NA,NA
"549",NA,NA,NA,NA,NA,NA
"550",NA,NA,NA,NA,NA,NA
"551",NA,NA,NA,NA,NA,NA
"552",NA,NA,NA,NA,NA,NA
"553",NA,NA,NA,NA,NA,NA
"554",NA,NA,NA,NA,NA,NA
"555",NA,NA,NA,NA,NA,NA
"556",NA,NA,NA,NA,NA,NA
"557",NA,NA,NA,NA,NA,NA
"558",NA,NA,NA,NA,NA,NA
"559",NA,NA,NA,NA,NA,NA
"560",NA,NA,NA,NA,NA,NA
"561",NA,NA,NA,NA,NA,NA
"562",NA,NA,NA,NA,NA,NA
"563",NA,NA,NA,NA,NA,NA
"564",NA,NA,NA,NA,NA,NA
"565",NA,NA,NA,NA,NA,NA
"566",NA,NA,NA,NA,NA,NA
"567",NA,NA,NA,NA,NA,NA
"568",NA,NA,NA,NA,NA,NA
"569",NA,NA,NA,NA,NA,NA
"570",NA,NA,NA,NA,NA,NA
"571",NA,NA,NA,NA,NA,NA
"572",NA,NA,NA,NA,NA,NA
"573",NA,NA,NA,NA,NA,NA
"574",NA,NA,NA,NA,NA,NA
"575",NA,NA,NA,NA,NA,NA
"576",NA,NA,NA,NA,NA,NA
"577",NA,NA,NA,NA,NA,NA
"578",NA,NA,NA,NA,NA,NA
